<?xml version="1.0" encoding="utf-8" ?>
<dwsync>
<file name="bootstrap.css" server="" local="130336064160000000" remote="130336064160000000" Dst="-1" />
<file name="bootstrap.css" server="C:/wamp/www/iis/" local="130362732440000000" remote="130362732440000000" Dst="0" />
<file name="bootstrap.min.css" server="" local="130193850460000000" remote="130193850460000000" Dst="-1" />
<file name="bootstrap.min.css" server="C:/wamp/www/iis/" local="130193850460000000" remote="255722352803872" Dst="-1" />
<file name="bootstrap-responsive.css" server="" local="130193850480000000" remote="130193850480000000" Dst="-1" />
<file name="bootstrap-responsive.css" server="C:/wamp/www/iis/" local="130193454480000000" remote="130193454480000000" Dst="0" />
<file name="bootstrap-responsive.min.css" server="" local="130193850480000000" remote="130193850480000000" Dst="-1" />
<file name="bootstrap-responsive.min.css" server="C:/wamp/www/iis/" local="130193454480000000" remote="130193454480000000" Dst="0" />
<file name="slimbox2.css" server="" local="129555358160000000" remote="129555358160000000" Dst="-1" />
<file name="slimbox2.css" server="C:/wamp/www/iis/" local="129555358160000000" remote="255722352803872" Dst="-1" />
<file name="bootstrapValidator.css" server="C:/wamp/www/iis/" local="130531392080000000" remote="130531392080000000" Dst="0" />
</dwsync>